Date,market_dominance
2013-04-29,94.8
2013-04-30,94.28
2013-05-01,94.22
2013-05-02,94.09
2013-05-03,94.03
2013-05-04,93.92
2013-05-05,93.94
2013-05-06,94.42
2013-05-07,94.35
2013-05-08,94.19
2013-05-09,94.25
2013-05-10,94.83
2013-05-11,94.54
2013-05-12,94.7
2013-05-13,94.84
2013-05-14,94.92
2013-05-15,95.15
2013-05-16,95.27
2013-05-17,95.2
2013-05-18,95.05
2013-05-19,94.96
2013-05-20,95.07
2013-05-21,95.19
2013-05-22,95.16
2013-05-23,95.2
2013-05-24,95.41
2013-05-25,95.48
2013-05-26,95.4
2013-05-27,95.4
2013-05-28,95.46
2013-05-29,99.14
2013-05-30,95.48
2013-05-31,95.68
2013-06-01,95.77
2013-06-02,95.61
2013-06-03,95.81
2013-06-05,95.46
2013-06-06,95.68
2013-06-07,95.7
2013-06-08,95.65
2013-06-09,95.65
2013-06-10,95.59
2013-06-11,95.61
2013-06-12,95.85
2013-06-13,95.92
2013-06-14,95.85
2013-06-15,95.98
2013-06-16,96.1
2013-06-17,96.01
2013-06-18,95.82
2013-06-19,95.98
2013-06-20,95.93
2013-06-21,95.99
2013-06-22,95.24
2013-06-23,94.8
2013-06-24,94.92
2013-06-25,94.85
2013-06-26,95.07
2013-06-27,94.88
2013-06-28,94.59
2013-06-29,94.45
2013-06-30,94.62
2013-07-01,94.33
2013-07-02,93.98
2013-07-03,94.29
2013-07-04,94.26
2013-07-05,93.73
2013-07-06,93.32
2013-07-07,93.45
2013-07-08,93.64
2013-07-09,93.67
2013-07-10,93.75
2013-07-11,93.93
2013-07-12,94.29
2013-07-13,94.19
2013-07-14,94.41
2013-07-15,94.2
2013-07-16,94.22
2013-07-17,94.03
2013-07-18,94.01
2013-07-19,93.84
2013-07-20,93.82
2013-07-21,93.82
2013-07-22,93.84
2013-07-23,94.13
2013-07-24,94.07
2013-07-25,93.92
2013-07-26,94.1
2013-07-27,93.99
2013-07-28,94.14
2013-07-29,94.09
2013-07-30,94.21
2013-07-31,94.61
2013-08-01,94.47
2013-08-02,94.24
2013-08-03,94.31
2013-08-04,90.93
2013-08-05,91.33
2013-08-06,91.83
2013-08-07,92.1
2013-08-08,91.9
2013-08-09,92.05
2013-08-10,92.09
2013-08-11,92.31
2013-08-12,92.48
2013-08-13,92.26
2013-08-14,92.67
2013-08-15,93.21
2013-08-16,93.53
2013-08-17,91.98
2013-08-18,91.6
2013-08-19,92.16
2013-08-20,92.16
2013-08-21,92.06
2013-08-22,92.48
2013-08-23,92.56
2013-08-24,92.43
2013-08-25,92.33
2013-08-26,92.25
2013-08-27,92.55
2013-08-28,92.41
2013-08-29,92.7
2013-08-30,92.89
2013-08-31,93.25
2013-09-01,93.37
2013-09-02,93.39
2013-09-03,93.5
2013-09-04,93.23
2013-09-05,92.72
2013-09-06,92.83
2013-09-07,92.34
2013-09-08,92.27
2013-09-09,92.57
2013-09-10,92.79
2013-09-11,92.84
2013-09-12,92.77
2013-09-13,92.8
2013-09-14,92.77
2013-09-15,92.6
2013-09-16,92.43
2013-09-17,91.36
2013-09-18,90.95
2013-09-19,90.72
2013-09-20,91.01
2013-09-21,91.13
2013-09-22,90.92
2013-09-23,91.06
2013-09-24,90.92
2013-09-25,90.93
2013-09-26,90.53
2013-09-27,95.79
2013-09-28,89.85
2013-09-29,90.27
2013-09-30,91.15
2013-10-01,90.62
2013-10-02,91.62
2013-10-03,92.04
2013-10-04,91.5
2013-10-05,91.57
2013-10-06,90.98
2013-10-07,91.54
2013-10-08,91.37
2013-10-09,91.87
2013-10-10,91.47
2013-10-11,91.85
2013-10-12,92.11
2013-10-13,92.1
2013-10-14,92.51
2013-10-15,93.05
2013-10-16,93.51
2013-10-17,93.5
2013-10-18,93.67
2013-10-19,94.48
2013-10-20,94.5
2013-10-21,95.1
2013-10-22,95.51
2013-10-23,95.47
2013-10-24,94.57
2013-10-25,93.99
2013-10-26,94.82
2013-10-27,94.92
2013-10-28,95.29
2013-10-29,95.47
2013-10-30,95.48
2013-10-31,95.4
2013-11-01,95.29
2013-11-02,95.11
2013-11-03,94.61
2013-11-04,94.79
2013-11-05,94.96
2013-11-06,95.25
2013-11-07,94.74
2013-11-08,94.86
2013-11-09,95.62
2013-11-10,97.02
2013-11-11,95.67
2013-11-12,95.7
2013-11-13,95.87
2013-11-14,95.96
2013-11-15,96.12
2013-11-16,96.15
2013-11-17,96.49
2013-11-18,96.57
2013-11-19,96.24
2013-11-20,96.33
2013-11-21,96.86
2013-11-22,96.05
2013-11-23,96.22
2013-11-24,96.48
2013-11-25,95.38
2013-11-26,93.61
2013-11-27,91.61
2013-11-28,89.27
2013-11-29,90.4
2013-11-30,89.32
2013-12-01,88.76
2013-12-02,87.98
2013-12-03,89.17
2013-12-04,88.13
2013-12-05,87.44
2013-12-06,89.42
2013-12-07,89.93
2013-12-08,89.05
2013-12-09,88.62
2013-12-10,87.83
2013-12-11,88.6
2013-12-12,88.59
2013-12-13,88.75
2013-12-14,89.05
2013-12-15,88.89
2013-12-16,89.63
2013-12-17,89.89
2013-12-18,90.87
2013-12-19,90.95
2013-12-20,90.59
2013-12-21,89.92
2013-12-22,90.47
2013-12-23,90.52
2013-12-24,89.63
2013-12-25,88.76
2013-12-26,88.3
2013-12-27,87.88
2013-12-28,89.7
2013-12-29,87.79
2013-12-30,87.71
2013-12-31,88.14
2014-01-01,88.01
2014-01-02,87.41
2014-01-03,88.01
2014-01-04,88.56
2014-01-05,89.06
2014-01-06,88.39
2014-01-07,88.31
2014-01-08,89.29
2014-01-09,89.49
2014-01-10,89.73
2014-01-11,89.41
2014-01-12,89.33
2014-01-13,89.61
2014-01-14,89.79
2014-01-15,89.53
2014-01-16,89.36
2014-01-17,89.57
2014-01-18,89.57
2014-01-19,89.24
2014-01-20,89.07
2014-01-21,89.8
2014-01-22,89.06
2014-01-23,89.37
2014-01-24,89.72
2014-01-25,89.23
2014-01-26,89.31
2014-01-27,89.9
2014-01-28,89.1
2014-01-29,89.42
2014-01-30,89.68
2014-01-31,89.46
2014-02-01,89.19
2014-02-02,89.29
2014-02-03,89.33
2014-02-04,89.6
2014-02-05,89.83
2014-02-06,90.02
2014-02-07,89.51
2014-02-08,89.49
2014-02-09,89.17
2014-02-10,89.85
2014-02-11,89.32
2014-02-12,88.99
2014-02-13,89.28
2014-02-14,88.94
2014-02-15,88.99
2014-02-16,88.79
2014-02-17,89.23
2014-02-18,89.12
2014-02-19,88.87
2014-02-20,89.06
2014-02-21,89.52
2014-02-22,89.15
2014-02-23,89.05
2014-02-24,88.81
2014-02-25,88.55
2014-02-26,89.07
2014-02-27,89.09
2014-02-28,87.94
2014-03-01,86.95
2014-03-02,87.42
2014-03-03,85.8
2014-03-04,81.16
2014-03-05,85.64
2014-03-06,87.82
2014-03-07,87.47
2014-03-08,87.7
2014-03-09,87.51
2014-03-10,86.75
2014-03-11,86.97
2014-03-12,86.97
2014-03-13,87.18
2014-03-14,87.56
2014-03-15,87.79
2014-03-16,88.25
2014-03-17,88.96
2014-03-18,88.21
2014-03-19,88.05
2014-03-20,88.28
2014-03-21,88.28
2014-03-22,88.02
2014-03-23,88.31
2014-03-24,88.33
2014-03-25,88.56
2014-03-26,89.28
2014-03-27,89.74
2014-03-28,89.56
2014-03-29,78.68
2014-03-30,82.6
2014-03-31,81.3
2014-04-01,81.92
2014-04-02,82.21
2014-04-03,83.16
2014-04-04,80.12
2014-04-05,80.39
2014-04-06,81.74
2014-04-07,81.48
2014-04-08,79.71
2014-04-09,81.34
2014-04-10,81.17
2014-04-11,83.02
2014-04-12,82.68
2014-04-13,82.43
2014-04-14,82.17
2014-04-15,83.26
2014-04-16,85.22
2014-04-17,82.56
2014-04-18,83.38
2014-04-19,84.12
2014-04-20,84.39
2014-04-21,82.34
2014-04-22,82.78
2014-04-23,83.73
2014-04-24,83.08
2014-04-25,83.56
2014-04-26,85.17
2014-04-27,85.56
2014-04-28,83.89
2014-04-29,91.01
2014-04-30,84.87
2014-05-01,84.43
2014-05-02,85.29
2014-05-03,84.78
2014-05-04,85.17
2014-05-05,84.53
2014-05-06,85.31
2014-05-07,86.36
2014-05-08,84.16
2014-05-09,84.92
2014-05-10,84.99
2014-05-11,85.3
2014-05-12,84.69
2014-05-13,84.66
2014-05-14,84.7
2014-05-15,85.17
2014-05-16,83.74
2014-05-17,83.62
2014-05-18,83.71
2014-05-19,83.87
2014-05-20,84.18
2014-05-21,84.67
2014-05-22,85.07
2014-05-23,84.7
2014-05-24,84.31
2014-05-25,84.45
2014-05-26,83.83
2014-05-27,84.76
2014-05-28,84.57
2014-05-29,85.42
2014-05-30,85.6
2014-05-31,84.75
2014-06-01,86.32
2014-06-02,86.57
2014-06-03,85.75
2014-06-04,92.63
2014-06-05,86.56
2014-06-06,87.11
2014-06-07,84.38
2014-06-08,86.75
2014-06-09,85.41
2014-06-10,83.65
2014-06-11,86.04
2014-06-12,85.93
2014-06-13,85.89
2014-06-14,86.3
2014-06-15,86.25
2014-06-16,86.18
2014-06-17,87.13
2014-06-18,87.25
2014-06-19,86.86
2014-06-20,85.97
2014-06-21,86.98
2014-06-22,86.9
2014-06-23,87.99
2014-06-24,88.87
2014-06-25,88.7
2014-06-26,89.51
2014-06-27,90.44
2014-06-28,90.75
2014-06-29,93.09
2014-06-30,91.62
2014-07-01,91.05
2014-07-02,91.92
2014-07-03,91.27
2014-07-04,91.5
2014-07-05,94.1
2014-07-06,91.7
2014-07-07,91.56
2014-07-08,93.9
2014-07-09,93.88
2014-07-10,93.87
2014-07-11,93.97
2014-07-12,93.72
2014-07-13,93.64
2014-07-14,93.65
2014-07-15,93.7
2014-07-16,93.79
2014-07-17,93.64
2014-07-18,93.31
2014-07-19,93.42
2014-07-20,93.43
2014-07-21,93.18
2014-07-22,93.32
2014-07-23,93.32
2014-07-24,93.5
2014-07-25,93.49
2014-07-26,93.59
2014-07-27,93.53
2014-07-28,93.61
2014-07-29,93.55
2014-07-30,93.85
2014-07-31,93.74
2014-08-01,93.72
2014-08-02,93.49
2014-08-03,93.54
2014-08-04,93.7
2014-08-05,93.79
2014-08-06,93.8
2014-08-07,93.85
2014-08-08,93.92
2014-08-09,94.04
2014-08-10,94.16
2014-08-11,94.43
2014-08-12,94.58
2014-08-13,94.71
2014-08-14,94.42
2014-08-15,94.32
2014-08-16,94.66
2014-08-17,94.83
2014-08-18,95.02
2014-08-19,94.43
2014-08-20,94.12
2014-08-21,93.91
2014-08-22,93.95
2014-08-23,94.11
2014-08-24,93.82
2014-08-25,93.37
2014-08-26,92.22
2014-08-27,92.32
2014-08-28,92.46
2014-08-29,92.61
2014-08-30,92.46
2014-08-31,92.45
2014-09-01,92.49
2014-09-02,92.63
2014-09-03,92.36
2014-09-04,92.3
2014-09-05,92.15
2014-09-06,92.11
2014-09-07,92.07
2014-09-08,91.87
2014-09-09,91.87
2014-09-10,91.67
2014-09-11,91.56
2014-09-12,91.56
2014-09-13,91.47
2014-09-14,91.28
2014-09-15,91.45
2014-09-16,91.23
2014-09-17,90.91
2014-09-18,90.59
2014-09-19,90.63
2014-09-20,90.81
2014-09-21,90.86
2014-09-22,90.74
2014-09-23,91.05
2014-09-24,90.87
2014-09-25,90.76
2014-09-26,90.51
2014-09-27,90.47
2014-09-28,90.01
2014-09-29,90.28
2014-09-30,90.36
2014-10-01,90.35
2014-10-02,90.21
2014-10-03,89.98
2014-10-04,89.69
2014-10-05,89.8
2014-10-06,89.68
2014-10-07,89.72
2014-10-08,90.16
2014-10-09,90.19
2014-10-10,90.4
2014-10-11,90.43
2014-10-12,90.58
2014-10-13,90.84
2014-10-14,90.87
2014-10-15,90.91
2014-10-16,90.77
2014-10-17,90.72
2014-10-18,90.77
2014-10-19,90.85
2014-10-20,90.84
2014-10-21,90.73
2014-10-22,90.78
2014-10-23,90.63
2014-10-24,90.6
2014-10-25,90.75
2014-10-26,90.9
2014-10-27,90.54
2014-10-28,90.71
2014-10-29,90.59
2014-10-30,90.8
2014-10-31,90.77
2014-11-01,90.94
2014-11-02,90.82
2014-11-03,90.68
2014-11-04,90.75
2014-11-05,90.73
2014-11-06,90.95
2014-11-07,90.91
2014-11-08,90.76
2014-11-09,90.97
2014-11-10,91.06
2014-11-11,91.14
2014-11-12,91.55
2014-11-13,91.55
2014-11-14,91.32
2014-11-15,91.2
2014-11-16,91.25
2014-11-17,91.23
2014-11-18,91.2
2014-11-19,90.98
2014-11-20,90.57
2014-11-21,90.06
2014-11-22,89.59
2014-11-23,89.04
2014-11-25,89.39
2014-11-26,88.63
2014-11-27,86.61
2014-11-28,86.24
2014-11-29,86.57
2014-11-30,87.98
2014-12-01,87.4
2014-12-02,87.09
2014-12-03,86.74
2014-12-04,86.67
2014-12-05,86.63
2014-12-06,86.26
2014-12-07,86.04
2014-12-08,86.49
2014-12-09,85.6
2014-12-10,85.09
2014-12-11,84.92
2014-12-12,85.01
2014-12-13,84.56
2014-12-14,84.49
2014-12-15,83.95
2014-12-17,78.26
2014-12-18,77.2
2014-12-20,80.09
2014-12-21,80.97
2014-12-22,78.89
2014-12-23,80.12
2014-12-24,80.07
2014-12-25,79.52
2014-12-26,79.29
2014-12-27,79.34
2014-12-28,79.43
2014-12-29,77.69
2014-12-30,77.71
2014-12-31,78.34
2015-01-01,78.55
2015-01-02,78.91
2015-01-03,79.42
2015-01-04,79.88
2015-01-05,79.67
2015-01-06,80.01
2015-01-07,80.47
2015-01-08,80.01
2015-01-09,80.45
2015-01-10,80.7
2015-01-11,80.66
2015-01-12,80.74
2015-01-13,80.15
2015-01-16,78.67
2015-01-17,79.0
2015-01-18,79.67
2015-01-19,79.86
2015-01-20,79.56
2015-01-21,80.05
2015-01-22,80.26
2015-01-23,80.46
2015-01-24,81.03
2015-01-25,81.08
2015-01-26,82.54
2015-01-27,82.25
2015-01-29,81.8
2015-01-30,81.72
2015-01-31,81.22
2015-02-01,81.89
2015-02-02,83.04
2015-02-03,82.92
2015-02-04,82.6
2015-02-05,81.56
2015-02-06,80.99
2015-02-07,74.29
2015-02-08,81.39
2015-02-09,81.66
2015-02-10,81.93
2015-02-11,81.74
2015-02-12,81.72
2015-02-13,82.05
2015-02-14,82.91
2015-02-15,82.66
2015-02-16,82.79
2015-02-17,81.57
2015-02-18,82.8
2015-02-19,83.06
2015-02-20,83.39
2015-02-21,83.3
2015-02-22,83.4
2015-02-23,83.33
2015-02-24,83.29
2015-02-25,83.07
2015-02-26,83.04
2015-02-27,83.79
2015-02-28,84.09
2015-03-01,84.72
2015-03-02,85.18
2015-03-03,86.66
2015-03-04,87.03
2015-03-05,86.14
2015-03-06,86.31
2015-03-07,83.53
2015-03-08,86.7
2015-03-09,86.65
2015-03-10,86.22
2015-03-11,87.59
2015-03-12,87.35
2015-03-13,87.19
2015-03-14,86.63
2015-03-15,87.04
2015-03-16,87.0
2015-03-17,86.58
2015-03-18,86.28
2015-03-19,86.36
2015-03-20,86.4
2015-03-21,86.46
2015-03-22,86.75
2015-03-23,86.59
2015-03-24,86.25
2015-03-25,86.81
2015-03-26,87.08
2015-03-27,86.9
2015-03-28,87.1
2015-03-29,86.89
2015-03-30,87.09
2015-03-31,87.0
2015-04-01,87.93
2015-04-02,87.89
2015-04-03,87.28
2015-04-04,87.23
2015-04-05,87.75
2015-04-06,87.58
2015-04-07,87.26
2015-04-08,86.89
2015-04-09,87.21
2015-04-10,87.32
2015-04-11,87.56
2015-04-12,87.35
2015-04-13,87.28
2015-04-14,87.2
2015-04-15,87.54
2015-04-16,87.63
2015-04-17,87.4
2015-04-18,87.48
2015-04-19,87.61
2015-04-20,87.6
2015-04-21,87.88
2015-04-22,87.73
2015-04-23,87.76
2015-04-24,87.63
2015-04-25,87.53
2015-04-26,87.63
2015-04-27,87.92
2015-04-28,88.03
2015-04-29,87.83
2015-04-30,88.05
2015-05-01,87.94
2015-05-02,88.04
2015-05-03,88.23
2015-05-04,88.19
2015-05-05,88.27
2015-05-06,88.09
2015-05-07,88.49
2015-05-08,88.65
2015-05-09,88.63
2015-05-10,86.95
2015-05-11,88.84
2015-05-12,88.77
2015-05-13,88.79
2015-05-14,88.97
2015-05-15,88.9
2015-05-16,88.85
2015-05-17,89.16
2015-05-18,89.45
2015-05-19,88.63
2015-05-20,88.56
2015-05-21,88.58
2015-05-22,88.26
2015-05-23,88.02
2015-05-24,88.03
2015-05-25,87.89
2015-05-26,87.93
2015-05-27,87.7
2015-05-28,86.9
2015-05-29,86.06
2015-05-30,86.52
2015-05-31,86.69
2015-06-01,87.0
2015-06-02,86.74
2015-06-03,86.7
2015-06-04,86.74
2015-06-05,86.45
2015-06-06,86.57
2015-06-07,86.63
2015-06-08,86.59
2015-06-09,86.62
2015-06-10,86.59
2015-06-11,86.61
2015-06-12,86.69
2015-06-13,86.59
2015-06-14,86.41
2015-06-15,86.2
2015-06-16,85.38
2015-06-17,85.04
2015-06-18,84.33
2015-06-19,83.71
2015-06-20,83.84
2015-06-21,84.15
2015-06-22,84.13
2015-06-23,84.01
2015-06-24,83.91
2015-06-25,83.91
2015-06-26,83.75
2015-06-27,83.63
2015-06-28,83.71
2015-06-29,83.12
2015-06-30,83.4
2015-07-01,83.52
2015-07-02,83.35
2015-07-03,83.23
2015-07-04,83.71
2015-07-05,84.12
2015-07-06,83.64
2015-07-07,83.77
2015-07-08,83.3
2015-07-09,82.27
2015-07-10,85.5
2015-07-11,86.09
2015-07-12,85.92
2015-07-13,85.7
2015-07-14,85.62
2015-07-15,86.01
2015-07-16,86.49
2015-07-17,86.27
2015-07-18,85.99
2015-07-19,86.29
2015-07-20,86.43
2015-07-21,86.56
2015-07-22,86.63
2015-07-23,86.5
2015-07-24,86.26
2015-07-25,86.13
2015-07-26,86.11
2015-07-27,85.9
2015-07-28,85.68
2015-07-29,85.71
2015-07-30,85.78
2015-07-31,80.83
2015-08-01,86.09
2015-08-02,86.21
2015-08-03,84.83
2015-08-04,86.13
2015-08-05,86.07
2015-08-06,86.3
2015-08-07,86.15
2015-08-08,84.02
2015-08-09,85.59
2015-08-10,84.89
2015-08-11,84.62
2015-08-12,84.58
2015-08-13,84.07
2015-08-14,83.88
2015-08-15,83.91
2015-08-16,84.15
2015-08-17,84.2
2015-08-18,84.06
2015-08-19,83.63
2015-08-20,83.14
2015-08-21,83.4
2015-08-22,82.39
2015-08-23,83.71
2015-08-24,82.28
2015-08-25,84.32
2015-08-26,84.32
2015-08-27,84.29
2015-08-28,84.5
2015-08-29,84.3
2015-08-30,83.86
2015-08-31,84.03
2015-09-01,83.95
2015-09-02,84.3
2015-09-03,84.61
2015-09-04,84.74
2015-09-05,84.17
2015-09-06,84.28
2015-09-07,84.36
2015-09-08,84.62
2015-09-09,84.68
2015-09-10,84.79
2015-09-11,84.59
2015-09-12,84.61
2015-09-13,83.25
2015-09-14,85.21
2015-09-15,84.51
2015-09-16,85.07
2015-09-17,85.22
2015-09-18,85.01
2015-09-19,85.12
2015-09-20,84.89
2015-09-21,85.04
2015-09-22,85.28
2015-09-23,85.63
2015-09-24,85.85
2015-09-25,86.09
2015-09-26,86.08
2015-09-27,86.13
2015-09-28,86.62
2015-09-29,87.03
2015-09-30,86.91
2015-10-01,87.11
2015-10-02,86.85
2015-10-03,87.14
2015-10-04,87.42
2015-10-05,87.76
2015-10-06,87.58
2015-10-07,87.41
2015-10-08,87.47
2015-10-09,87.4
2015-10-10,87.84
2015-10-11,87.86
2015-10-12,87.81
2015-10-13,87.92
2015-10-14,87.98
2015-10-15,88.23
2015-10-16,88.59
2015-10-17,89.09
2015-10-18,89.05
2015-10-19,89.08
2015-10-20,89.54
2015-10-21,89.55
2015-10-22,89.52
2015-10-23,89.7
2015-10-24,89.81
2015-10-25,89.86
2015-10-26,89.76
2015-10-27,89.82
2015-10-28,89.83
2015-10-29,89.2
2015-10-30,89.45
2015-10-31,89.71
2015-11-01,89.5
2015-11-02,89.87
2015-11-03,90.49
2015-11-04,91.36
2015-11-05,91.42
2015-11-06,91.31
2015-11-07,91.43
2015-11-08,91.2
2015-11-09,91.5
2015-11-10,91.0
2015-11-11,90.71
2015-11-12,90.78
2015-11-13,90.85
2015-11-14,90.71
2015-11-15,90.64
2015-11-16,90.94
2015-11-17,89.52
2015-11-18,90.83
2015-11-19,90.78
2015-11-20,90.85
2015-11-21,90.8
2015-11-22,90.81
2015-11-23,90.79
2015-11-24,90.79
2015-11-25,90.81
2015-11-26,91.17
2015-11-27,91.32
2015-11-28,91.23
2015-11-29,91.41
2015-11-30,91.64
2015-12-01,91.58
2015-12-02,91.58
2015-12-03,91.52
2015-12-04,91.26
2015-12-05,91.39
2015-12-06,91.44
2015-12-07,91.35
2015-12-08,91.02
2015-12-09,90.31
2015-12-10,90.26
2015-12-11,90.76
2015-12-12,90.52
2015-12-13,90.39
2015-12-14,90.98
2015-12-15,91.65
2015-12-16,91.59
2015-12-17,91.65
2015-12-18,91.87
2015-12-19,91.88
2015-12-20,91.8
2015-12-21,91.76
2015-12-22,91.83
2015-12-23,91.89
2015-12-24,92.11
2015-12-25,91.77
2015-12-26,91.56
2015-12-27,91.54
2015-12-28,91.58
2015-12-29,91.61
2015-12-30,91.48
2015-12-31,91.54
2016-01-01,91.67
2016-01-02,91.58
2016-01-03,91.38
2016-01-04,91.56
2016-01-05,91.16
2016-01-06,91.12
2016-01-07,91.46
2016-01-08,91.47
2016-01-09,91.24
2016-01-10,91.62
2016-01-11,91.62
2016-01-12,91.36
2016-01-13,91.27
2016-01-14,91.26
2016-01-15,90.5
2016-01-16,90.92
2016-01-17,90.71
2016-01-18,90.6
2016-01-19,90.58
2016-01-20,90.75
2016-01-21,90.7
2016-01-22,90.35
2016-01-23,90.27
2016-01-24,89.99
2016-01-25,89.48
2016-01-26,89.29
2016-01-27,88.57
2016-01-28,88.02
2016-01-29,88.02
2016-01-30,88.37
2016-01-31,88.41
2016-02-01,88.59
2016-02-02,88.34
2016-02-03,87.99
2016-02-04,88.26
2016-02-05,88.03
2016-02-06,87.53
2016-02-07,86.94
2016-02-08,86.78
2016-02-09,86.38
2016-02-10,85.78
2016-02-11,83.96
2016-02-12,84.29
2016-02-13,84.49
2016-02-14,84.86
2016-02-15,84.55
2016-02-16,85.65
2016-02-17,86.79
2016-02-18,86.31
2016-02-19,86.01
2016-02-20,86.57
2016-02-21,86.29
2016-02-22,85.43
2016-02-23,85.04
2016-02-24,84.59
2016-02-25,84.79
2016-02-26,84.93
2016-02-27,84.61
2016-02-28,84.56
2016-02-29,84.8
2016-03-01,83.71
2016-03-02,82.76
2016-03-03,81.55
2016-03-04,80.74
2016-03-05,79.6
2016-03-06,79.72
2016-03-07,81.16
2016-03-08,80.64
2016-03-09,78.87
2016-03-10,79.43
2016-03-11,79.24
2016-03-12,77.38
2016-03-13,76.39
2016-03-14,78.53
2016-03-15,78.06
2016-03-16,78.42
2016-03-17,79.69
2016-03-18,79.66
2016-03-19,79.83
2016-03-20,80.26
2016-03-21,78.78
2016-03-22,79.37
2016-03-23,78.36
2016-03-24,79.15
2016-03-25,79.55
2016-03-26,79.31
2016-03-27,80.21
2016-03-28,79.17
2016-03-29,78.89
2016-03-30,78.85
2016-03-31,79.34
2016-04-01,79.14
2016-04-02,79.2
2016-04-03,79.11
2016-04-04,79.32
2016-04-05,80.23
2016-04-06,80.02
2016-04-07,80.78
2016-04-08,80.96
2016-04-09,80.87
2016-04-10,82.34
2016-04-11,82.5
2016-04-12,83.61
2016-04-13,83.18
2016-04-14,82.63
2016-04-15,82.96
2016-04-16,82.61
2016-04-17,81.86
2016-04-18,81.88
2016-04-19,82.27
2016-04-20,82.61
2016-04-21,83.16
2016-04-22,83.37
2016-04-23,83.01
2016-04-24,83.41
2016-04-25,83.55
2016-04-26,84.27
2016-04-27,83.49
2016-04-28,83.99
2016-04-29,83.26
2016-04-30,81.93
2016-05-01,82.1
2016-05-02,81.11
2016-05-03,82.3
2016-05-04,82.24
2016-05-05,81.95
2016-05-06,82.6
2016-05-07,82.46
2016-05-08,82.42
2016-05-09,82.63
2016-05-10,82.45
2016-05-11,81.99
2016-05-12,81.98
2016-05-13,81.62
2016-05-14,81.87
2016-05-15,82.12
2016-05-16,81.17
2016-05-17,80.38
2016-05-18,79.52
2016-05-19,78.11
2016-05-20,78.76
2016-05-21,78.56
2016-05-22,78.23
2016-05-23,79.13
2016-05-24,79.66
2016-05-25,79.99
2016-05-26,79.71
2016-05-27,81.36
2016-05-28,82.56
2016-05-29,82.0
2016-05-30,81.93
2016-05-31,79.83
2016-06-01,80.04
2016-06-02,80.1
2016-06-03,80.79
2016-06-04,80.94
2016-06-05,80.82
2016-06-06,81.11
2016-06-07,80.62
2016-06-08,80.66
2016-06-09,80.45
2016-06-10,80.82
2016-06-11,81.23
2016-06-12,81.84
2016-06-13,81.37
2016-06-14,80.01
2016-06-15,80.3
2016-06-16,80.55
2016-06-17,83.2
2016-06-18,85.71
2016-06-19,85.03
2016-06-20,84.71
2016-06-21,83.15
2016-06-22,82.13
2016-06-23,82.07
2016-06-24,82.52
2016-06-25,82.42
2016-06-26,81.89
2016-06-27,81.9
2016-06-28,82.77
2016-06-29,82.33
2016-06-30,82.64
2016-07-01,83.26
2016-07-02,83.81
2016-07-03,83.32
2016-07-04,83.43
2016-07-05,83.9
2016-07-06,84.04
2016-07-07,84.06
2016-07-08,83.53
2016-07-09,83.48
2016-07-10,83.38
2016-07-11,83.35
2016-07-12,82.66
2016-07-13,81.73
2016-07-14,81.24
2016-07-15,81.2
2016-07-16,81.06
2016-07-17,81.63
2016-07-18,82.22
2016-07-19,80.92
2016-07-20,80.44
2016-07-21,80.31
2016-07-22,79.07
2016-07-23,80.2
2016-07-24,80.96
2016-07-25,80.22
2016-07-26,80.88
2016-07-27,80.69
2016-07-28,80.66
2016-07-29,80.91
2016-07-30,80.94
2016-07-31,80.66
2016-08-01,80.68
2016-08-02,80.25
2016-08-03,80.31
2016-08-04,80.02
2016-08-05,79.67
2016-08-06,78.32
2016-08-07,78.7
2016-08-08,78.54
2016-08-09,79.57
2016-08-10,80.05
2016-08-11,78.96
2016-08-12,78.89
2016-08-13,78.84
2016-08-14,78.54
2016-08-15,78.69
2016-08-16,79.48
2016-08-17,79.01
2016-08-18,79.01
2016-08-19,78.93
2016-08-20,78.92
2016-08-21,79.13
2016-08-22,79.28
2016-08-23,79.39
2016-08-24,79.39
2016-08-25,79.48
2016-08-26,79.53
2016-08-27,79.47
2016-08-28,79.44
2016-08-29,78.82
2016-08-30,79.2
2016-08-31,79.05
2016-09-01,78.6
2016-09-02,78.48
2016-09-03,79.22
2016-09-04,79.27
2016-09-05,79.07
2016-09-06,79.36
2016-09-07,79.52
2016-09-08,79.89
2016-09-09,79.78
2016-09-10,79.38
2016-09-11,79.57
2016-09-12,79.37
2016-09-13,79.37
2016-09-14,79.4
2016-09-15,79.08
2016-09-16,78.97
2016-09-17,78.89
2016-09-18,79.14
2016-09-19,78.69
2016-09-20,78.08
2016-09-21,78.29
2016-09-22,78.43
2016-09-23,78.4
2016-09-24,78.49
2016-09-25,78.3
2016-09-26,78.75
2016-09-27,78.54
2016-09-28,78.19
2016-09-29,78.38
2016-09-30,78.46
2016-10-01,79.03
2016-10-02,78.86
2016-10-03,78.72
2016-10-04,78.9
2016-10-05,78.59
2016-10-06,78.81
2016-10-07,79.24
2016-10-08,79.46
2016-10-09,79.44
2016-10-10,79.58
2016-10-11,80.31
2016-10-12,80.29
2016-10-13,80.19
2016-10-14,80.49
2016-10-15,80.72
2016-10-16,80.27
2016-10-17,80.22
2016-10-18,79.84
2016-10-19,80.01
2016-10-20,79.88
2016-10-21,79.8
2016-10-22,80.42
2016-10-23,80.36
2016-10-24,80.48
2016-10-25,80.63
2016-10-26,81.33
2016-10-27,81.7
2016-10-28,81.76
2016-10-29,83.59
2016-10-30,82.57
2016-10-31,82.81
2016-11-01,83.55
2016-11-02,83.6
2016-11-03,82.78
2016-11-04,82.73
2016-11-05,82.45
2016-11-06,82.78
2016-11-07,82.75
2016-11-08,82.77
2016-11-09,83.25
2016-11-10,83.38
2016-11-11,83.44
2016-11-12,83.57
2016-11-13,83.25
2016-11-14,82.94
2016-11-15,82.89
2016-11-16,83.81
2016-11-17,83.93
2016-11-18,84.4
2016-11-19,84.42
2016-11-20,84.3
2016-11-21,84.38
2016-11-22,84.38
2016-11-23,84.41
2016-11-24,84.72
2016-11-25,84.64
2016-11-26,84.6
2016-11-27,84.61
2016-11-28,84.87
2016-11-29,85.27
2016-11-30,85.1
2016-12-01,85.41
2016-12-02,86.23
2016-12-03,85.94
2016-12-04,86.3
2016-12-05,86.94
2016-12-06,86.28
2016-12-07,85.86
2016-12-08,85.77
2016-12-09,85.62
2016-12-10,85.99
2016-12-11,85.75
2016-12-12,85.66
2016-12-13,85.63
2016-12-14,85.64
2016-12-15,85.78
2016-12-16,85.67
2016-12-17,85.96
2016-12-18,85.75
2016-12-19,85.76
2016-12-20,85.92
2016-12-21,86.13
2016-12-22,86.71
2016-12-23,87.42
2016-12-24,87.02
2016-12-25,87.07
2016-12-26,87.1
2016-12-27,87.64
2016-12-28,87.57
2016-12-29,86.91
2016-12-30,86.6
2016-12-31,86.74
2017-01-01,87.15
2017-01-02,87.02
2017-01-03,86.56
2017-01-04,86.41
2017-01-05,85.79
2017-01-06,85.02
2017-01-07,85.29
2017-01-08,85.11
2017-01-09,85.0
2017-01-10,84.71
2017-01-11,84.18
2017-01-12,84.14
2017-01-13,84.52
2017-01-14,84.26
2017-01-15,84.28
2017-01-16,84.37
2017-01-17,84.93
2017-01-18,84.64
2017-01-19,84.82
2017-01-20,84.64
2017-01-21,84.73
2017-01-22,84.88
2017-01-23,84.79
2017-01-24,84.66
2017-01-25,84.76
2017-01-26,84.78
2017-01-27,84.86
2017-01-28,84.76
2017-01-29,84.65
2017-01-30,84.57
2017-01-31,85.06
2017-02-01,85.1
2017-02-02,85.26
2017-02-03,85.28
2017-02-04,85.23
2017-02-05,85.15
2017-02-06,85.04
2017-02-07,85.14
2017-02-08,85.33
2017-02-09,85.14
2017-02-10,85.07
2017-02-11,85.15
2017-02-12,85.09
2017-02-13,85.16
2017-02-14,84.46
2017-02-15,84.34
2017-02-16,84.75
2017-02-17,85.09
2017-02-18,85.14
2017-02-19,85.06
2017-02-20,85.44
2017-02-21,85.97
2017-02-22,85.96
2017-02-23,86.23
2017-02-24,86.28
2017-02-25,85.85
2017-02-26,85.69
2017-02-27,85.54
2017-02-28,85.31
2017-03-01,84.78
2017-03-02,84.38
2017-03-03,84.24
2017-03-04,84.45
2017-03-05,84.21
2017-03-06,83.97
2017-03-07,83.8
2017-03-08,84.05
2017-03-09,83.85
2017-03-10,82.44
2017-03-11,81.69
2017-03-12,81.42
2017-03-13,79.56
2017-03-14,79.24
2017-03-15,77.27
2017-03-16,75.19
2017-03-17,71.86
2017-03-18,72.91
2017-03-19,70.1
2017-03-20,71.0
2017-03-21,72.0
2017-03-22,70.77
2017-03-23,69.78
2017-03-24,65.83
2017-03-25,66.73
2017-03-26,66.58
2017-03-27,68.82
2017-03-28,68.03
2017-03-29,67.14
2017-03-30,65.99
2017-03-31,66.79
2017-04-01,66.59
2017-04-03,68.4
2017-04-04,68.3
2017-04-05,66.77
2017-04-06,69.13
2017-04-07,68.84
2017-04-08,67.98
2017-04-09,68.3
2017-04-10,67.88
2017-04-11,69.28
2017-04-12,67.81
2017-04-13,66.32
2017-04-14,67.0
2017-04-15,66.11
2017-04-16,66.37
2017-04-17,66.62
2017-04-18,66.05
2017-04-19,66.88
2017-04-20,67.01
2017-04-21,66.8
2017-04-22,66.48
2017-04-23,66.01
2017-04-24,65.57
2017-04-25,65.62
2017-04-26,64.71
2017-04-27,63.32
2017-04-28,60.81
2017-04-29,59.76
2017-04-30,58.54
2017-05-01,60.03
2017-05-02,60.37
2017-05-03,59.47
2017-05-04,56.24
2017-05-05,55.58
2017-05-06,54.59
2017-05-07,53.2
2017-05-08,51.79
2017-05-09,54.86
2017-05-10,54.16
2017-05-11,55.19
2017-05-12,52.76
2017-05-13,52.95
2017-05-14,52.62
2017-05-15,50.42
2017-05-16,48.51
2017-05-17,47.17
2017-05-18,47.77
2017-05-19,47.11
2017-05-20,47.27
2017-05-21,45.34
2017-05-22,46.23
2017-05-23,45.76
2017-05-24,46.09
2017-05-25,48.5
2017-05-26,48.56
2017-05-27,48.5
2017-05-28,48.28
2017-05-29,47.26
2017-05-30,44.73
2017-05-31,45.25
2017-06-01,44.29
2017-06-02,44.99
2017-06-03,45.54
2017-06-04,44.02
2017-06-05,44.95
2017-06-06,45.58
2017-06-07,44.87
2017-06-08,44.99
2017-06-09,43.42
2017-06-10,42.73
2017-06-11,42.46
2017-06-12,39.46
2017-06-13,39.37
2017-06-14,38.62
2017-06-15,38.67
2017-06-16,38.54
2017-06-17,38.56
2017-06-18,37.99
2017-06-19,37.56
2017-06-20,38.74
2017-06-21,39.92
2017-06-22,39.85
2017-06-23,39.21
2017-06-24,39.48
2017-06-25,40.61
2017-06-26,41.8
2017-06-27,41.22
2017-06-28,39.73
2017-06-29,40.61
2017-06-30,39.14
2017-07-01,40.17
2017-07-02,39.65
2017-07-03,40.13
2017-07-04,40.55
2017-07-05,40.79
2017-07-06,40.74
2017-07-07,42.03
2017-07-08,43.44
2017-07-09,42.97
2017-07-10,45.8
2017-07-11,46.66
2017-07-12,44.21
2017-07-13,45.47
2017-07-14,45.37
2017-07-15,46.04
2017-07-16,46.6
2017-07-17,44.71
2017-07-18,43.67
2017-07-19,46.51
2017-07-20,47.89
2017-07-21,46.46
2017-07-22,46.03
2017-07-23,46.6
2017-07-24,47.0
2017-07-25,46.8
2017-07-26,47.52
2017-07-27,48.51
2017-07-28,50.99
2017-07-29,48.32
2017-07-30,49.45
2017-07-31,50.68
2017-08-01,47.73
2017-08-02,41.8
2017-08-03,44.47
2017-08-04,46.12
2017-08-05,46.66
2017-08-06,45.75
2017-08-07,45.48
2017-08-08,44.64
2017-08-09,44.5
2017-08-10,44.66
2017-08-11,44.91
2017-08-12,46.05
2017-08-13,48.41
2017-08-14,49.25
2017-08-15,49.43
2017-08-16,49.33
2017-08-17,49.43
2017-08-19,47.23
2017-08-20,46.24
2017-08-21,37.48
2017-08-22,43.94
2017-08-23,44.34
2017-08-24,45.32
2017-08-25,45.45
2017-08-26,44.59
2017-08-27,44.09
2017-08-28,44.55
2017-08-29,45.07
2017-08-30,44.99
2017-08-31,45.06
2017-09-01,45.09
2017-09-02,46.41
2017-09-03,46.26
2017-09-04,48.31
2017-09-05,47.48
2017-09-06,46.7
2017-09-07,46.69
2017-09-08,47.08
2017-09-09,47.21
2017-09-10,47.32
2017-09-11,47.17
2017-09-12,47.27
2017-09-13,47.11
2017-09-14,48.4
2017-09-15,48.51
2017-09-16,48.49
2017-09-17,47.94
2017-09-18,47.59
2017-09-19,46.92
2017-09-20,47.08
2017-09-21,47.82
2017-09-22,48.07
2017-09-23,46.97
2017-09-24,45.53
2017-09-25,45.94
2017-09-26,46.45
2017-09-27,47.14
2017-09-28,48.36
2017-09-29,48.86
2017-09-30,49.14
2017-10-01,49.43
2017-10-02,50.02
2017-10-03,50.08
2017-10-04,49.9
2017-10-05,49.9
2017-10-06,49.68
2017-10-07,49.86
2017-10-08,50.95
2017-10-09,53.23
2017-10-10,52.67
2017-10-11,52.47
2017-10-12,55.32
2017-10-13,55.02
2017-10-14,55.41
2017-10-15,55.35
2017-10-16,55.57
2017-10-17,55.82
2017-10-18,55.51
2017-10-19,56.57
2017-10-20,58.1
2017-10-21,58.73
2017-10-22,58.77
2017-10-23,59.13
2017-10-24,56.33
2017-10-25,57.04
2017-10-26,58.03
2017-10-27,57.37
2017-10-28,57.0
2017-10-29,57.85
2017-10-30,57.44
2017-10-31,58.82
2017-11-01,60.45
2017-11-02,61.42
2017-11-03,61.04
2017-11-04,61.99
2017-11-05,62.02
2017-11-06,60.66
2017-11-07,60.78
2017-11-08,60.2
2017-11-09,57.96
2017-11-10,55.95
2017-11-11,52.39
2017-11-12,50.0
2017-11-13,52.62
2017-11-14,52.72
2017-11-15,55.13
2017-11-16,58.1
2017-11-17,55.41
2017-11-18,55.64
2017-11-19,56.37
2017-11-20,56.02
2017-11-21,55.99
2017-11-22,54.96
2017-11-23,52.72
2017-11-24,51.66
2017-11-25,50.56
2017-11-26,51.78
2017-11-27,53.26
2017-11-28,53.4
2017-11-29,56.01
2017-11-30,55.54
2017-12-01,55.77
2017-12-02,55.89
2017-12-03,55.66
2017-12-04,55.19
2017-12-05,55.5
2017-12-06,59.29
2017-12-07,66.04
2017-12-08,61.79
2017-12-09,58.0
2017-12-10,60.39
2017-12-11,59.82
2017-12-12,57.06
2017-12-13,53.69
2017-12-14,51.47
2017-12-15,53.45
2017-12-16,54.47
2017-12-17,53.15
2017-12-18,50.12
2017-12-19,47.83
2017-12-20,45.39
2017-12-21,43.98
2017-12-22,44.93
2017-12-25,42.86
2017-12-26,44.86
2017-12-27,44.55
2017-12-28,42.86
2017-12-29,39.99
2017-12-30,38.68
2017-12-31,38.9
2018-01-01,37.38
2018-01-02,37.29
2018-01-03,34.44
2018-01-04,34.28
2018-01-05,37.89
2018-01-06,36.29
2018-01-07,33.54
2018-01-08,33.96
2018-01-09,33.3
2018-01-10,33.69
2018-01-11,33.76
2018-01-12,32.39
2018-01-13,32.05
2018-01-14,32.3
2018-01-15,33.71
2018-01-17,34.95
2018-01-18,34.01
2018-01-19,34.19
2018-01-20,34.54
2018-01-21,34.8
2018-01-22,34.79
2018-01-23,34.7
2018-01-24,34.37
2018-01-25,34.28
2018-01-26,34.43
2018-01-27,34.46
2018-01-28,33.22
2018-01-30,33.41
2018-01-31,33.82
2018-02-01,33.43
2018-02-02,33.96
2018-02-03,35.03
2018-02-04,34.13
2018-02-05,35.18
2018-02-06,35.8
2018-02-07,35.11
2018-02-08,35.86
2018-02-09,35.45
2018-02-10,34.67
2018-02-11,34.43
2018-02-12,34.44
2018-02-13,34.83
2018-02-14,34.79
2018-02-15,34.68
2018-02-16,35.81
2018-02-17,35.59
2018-02-18,36.41
2018-02-19,37.01
2018-02-20,37.67
2018-02-21,39.4
2018-02-22,38.97
2018-02-23,39.21
2018-02-24,38.58
2018-02-25,38.51
2018-02-26,38.01
2018-02-27,38.92
2018-02-28,39.54
2018-03-01,39.86
2018-03-02,40.31
2018-03-03,40.98
2018-03-04,41.79
2018-03-05,41.28
2018-03-06,42.04
2018-03-07,41.61
2018-03-08,38.38
2018-03-09,41.99
2018-03-10,41.39
2018-03-11,41.36
2018-03-12,41.73
2018-03-13,41.74
2018-03-14,41.9
2018-03-15,42.26
2018-03-16,42.47
2018-03-17,42.82
2018-03-18,43.47
2018-03-19,44.24
2018-03-20,43.68
2018-03-21,43.66
2018-03-22,43.61
2018-03-23,43.39
2018-03-24,43.6
2018-03-25,43.53
2018-03-26,42.92
2018-03-27,43.47
2018-03-28,43.82
2018-03-29,44.08
2018-03-30,44.73
2018-03-31,43.82
2018-04-01,44.04
2018-04-02,45.27
2018-04-03,45.24
2018-04-04,44.47
2018-04-05,44.87
2018-04-06,44.49
2018-04-07,44.82
2018-04-08,44.91
2018-04-09,44.72
2018-04-10,44.09
2018-04-11,43.66
2018-04-12,42.42
2018-04-13,42.44
2018-04-14,42.37
2018-04-15,42.5
2018-04-16,41.93
2018-04-17,41.64
2018-04-18,41.4
2018-04-19,40.29
2018-04-20,38.96
2018-04-21,37.91
2018-04-22,38.94
2018-04-23,38.32
2018-04-24,37.54
2018-04-25,37.67
2018-04-26,38.58
2018-04-27,37.65
2018-04-28,37.58
2018-04-29,36.94
2018-04-30,36.37
2018-05-01,37.11
2018-05-02,36.44
2018-05-03,36.0
2018-05-04,34.83
2018-05-05,35.81
2018-05-06,35.32
2018-05-07,35.51
2018-05-08,35.9
2018-05-09,34.85
2018-05-10,35.95
2018-05-11,36.49
2018-05-12,37.16
2018-05-13,36.83
2018-05-14,36.15
2018-05-15,36.23
2018-05-16,36.62
2018-05-17,36.51
2018-05-18,35.53
2018-05-19,36.83
2018-05-20,36.93
2018-05-21,36.7
2018-05-22,37.22
2018-05-23,38.7
2018-05-24,37.53
2018-05-25,37.43
2018-05-26,37.5
2018-05-27,37.4
2018-05-28,38.83
2018-05-29,38.84
2018-05-30,38.01
2018-05-31,38.01
2018-06-01,38.02
2018-06-02,37.79
2018-06-03,36.89
2018-06-04,37.26
2018-06-05,36.73
2018-06-06,37.43
2018-06-07,37.37
2018-06-08,37.75
2018-06-09,37.56
2018-06-10,38.8
2018-06-11,38.57
2018-06-12,39.19
2018-06-13,39.41
2018-06-14,39.28
2018-06-15,39.11
2018-06-16,39.16
2018-06-17,39.25
2018-06-18,39.3
2018-06-19,38.92
2018-06-20,39.17
2018-06-21,39.1
2018-06-22,39.53
2018-06-23,39.96
2018-06-24,40.91
2018-06-25,40.74
2018-06-26,40.87
2018-06-27,41.61
2018-06-28,41.14
2018-06-29,41.27
2018-07-02,40.83
2018-07-03,40.6
2018-07-04,40.37
2018-07-05,40.15
2018-07-06,40.91
2018-07-07,40.99
2018-07-08,40.72
2018-07-09,41.0
2018-07-10,41.9
2018-07-11,42.06
2018-07-12,41.93
2018-07-13,41.64
2018-07-14,41.54
2018-07-15,41.03
2018-07-16,41.18
2018-07-17,41.01
2018-07-18,41.61
2018-07-19,42.36
2018-07-20,43.2
2018-07-21,43.47
2018-07-22,43.82
2018-07-23,44.56
2018-07-24,45.73
2018-07-25,46.16
2018-07-26,45.73
2018-07-27,45.69
2018-07-28,46.02
2018-07-29,45.97
2018-07-30,46.16
2018-07-31,47.07
2018-08-01,46.84
2018-08-02,47.46
2018-08-03,47.44
2018-08-04,46.78
2018-08-05,46.24
2018-08-06,46.1
2018-08-07,46.21
2018-08-08,47.66
2018-08-09,47.69
2018-08-10,47.94
2018-08-11,49.38
2018-08-12,49.28
2018-08-13,49.66
2018-08-14,52.07
2018-08-15,52.34
2018-08-16,52.02
2018-08-17,51.2
2018-08-18,50.88
2018-08-19,51.05
2018-08-20,50.85
2018-08-21,51.63
2018-08-22,51.64
2018-08-23,52.13
2018-08-24,52.12
2018-08-25,52.46
2018-08-26,52.67
2018-08-27,52.26
2018-08-28,51.85
2018-08-29,51.7
2018-08-30,52.18
2018-08-31,52.07
2018-09-01,51.72
2018-09-02,50.99
2018-09-03,51.93
2018-09-04,51.98
2018-09-05,53.16
2018-09-06,53.61
2018-09-07,53.09
2018-09-08,53.85
2018-09-09,54.63
2018-09-10,54.85
2018-09-11,55.42
2018-09-12,56.16
2018-09-13,55.83
2018-09-14,54.98
2018-09-15,54.61
2018-09-16,54.61
2018-09-17,54.35
2018-09-18,54.45
2018-09-19,54.08
2018-09-20,54.48
2018-09-21,51.97
2018-09-22,51.5
2018-09-23,50.41
2018-09-24,50.78
2018-09-25,52.22
2018-09-26,51.41
2018-09-27,51.41
2018-09-28,51.07
2018-09-29,50.47
2018-09-30,50.74
2018-10-01,50.51
2018-10-02,50.6
2018-10-03,51.11
2018-10-04,51.08
2018-10-05,51.31
2018-10-06,51.08
2018-10-07,51.56
2018-10-08,51.37
2018-10-09,51.16
2018-10-10,51.44
2018-10-11,53.08
2018-10-12,52.97
2018-10-13,52.89
2018-10-14,53.17
2018-10-15,53.39
2018-10-16,52.99
2018-10-17,52.67
2018-10-18,52.55
2018-10-19,52.63
2018-10-20,52.52
2018-10-21,52.38
2018-10-22,52.64
2018-10-23,52.52
2018-10-24,52.62
2018-10-25,52.65
2018-10-26,52.58
2018-10-27,52.61
2018-10-28,52.55
2018-10-29,52.61
2018-10-30,52.83
2018-10-31,52.97
2018-11-01,52.8
2018-11-02,52.69
2018-11-03,52.39
2018-11-04,51.63
2018-11-05,51.72
2018-11-06,50.82
2018-11-07,50.85
2018-11-08,51.1
2018-11-09,51.31
2018-11-10,51.14
2018-11-11,51.29
2018-11-12,51.22
2018-11-13,51.66
2018-11-14,52.11
2018-11-15,51.85
2018-11-16,51.94
2018-11-17,52.15
2018-11-18,51.94
2018-11-19,52.53
2018-11-20,52.0
2018-11-21,52.13
2018-11-22,52.19
2018-11-23,53.25
2018-11-24,52.98
2018-11-25,53.75
2018-11-26,52.18
2018-11-27,52.68
2018-11-28,52.69
2018-11-29,53.16
2018-11-30,52.91
2018-12-01,53.18
2018-12-02,53.17
2018-12-03,53.03
2018-12-04,53.17
2018-12-05,53.34
2018-12-06,53.71
2018-12-07,54.62
2018-12-08,54.32
2018-12-09,54.36
2018-12-10,54.53
2018-12-11,54.58
2018-12-12,54.53
2018-12-13,54.35
2018-12-14,54.57
2018-12-15,54.88
2018-12-16,54.33
2018-12-17,54.46
2018-12-18,53.84
2018-12-19,53.02
2018-12-20,53.31
2018-12-21,52.63
2018-12-22,52.53
2018-12-23,51.6
2018-12-24,50.61
2018-12-25,51.62
2018-12-26,50.94
2018-12-27,52.19
2018-12-28,52.43
2018-12-29,51.44
2018-12-30,51.23
2018-12-31,51.39
2019-01-01,51.16
2019-01-02,50.6
2019-01-03,50.61
2019-01-04,50.9
2019-01-05,50.45
2019-01-06,50.53
2019-01-07,51.3
2019-01-08,51.32
2019-01-09,51.07
2019-01-10,51.23
2019-01-11,51.91
2019-01-12,51.86
2019-01-13,52.5
2019-01-14,52.36
2019-01-15,51.89
2019-01-16,52.01
2019-01-17,51.93
2019-01-18,52.2
2019-01-19,52.2
2019-01-20,52.12
2019-01-21,52.1
2019-01-22,52.07
2019-01-23,52.01
2019-01-24,52.11
2019-01-25,52.09
2019-01-26,52.15
2019-01-27,52.35
2019-01-28,53.57
2019-01-29,53.19
2019-01-30,53.32
2019-01-31,53.06
2019-02-01,53.34
2019-02-02,53.11
2019-02-03,53.09
2019-02-04,53.08
2019-02-05,53.29
2019-02-06,53.47
2019-02-07,53.47
2019-02-08,52.79
2019-02-09,52.83
2019-02-10,53.1
2019-02-11,52.48
2019-02-12,52.7
2019-02-13,52.54
2019-02-14,52.44
2019-02-15,52.6
2019-02-16,52.53
2019-02-17,52.33
2019-02-18,52.06
2019-02-19,51.43
2019-02-20,51.84
2019-02-21,51.82
2019-02-22,51.66
2019-02-23,51.65
2019-02-24,50.98
2019-02-25,51.85
2019-02-26,51.94
2019-02-27,51.91
2019-02-28,52.06
2019-03-01,51.63
2019-03-02,51.88
2019-03-03,51.86
2019-03-04,52.03
2019-03-05,52.23
2019-03-06,51.48
2019-03-07,51.27
2019-03-08,51.56
2019-03-09,51.29
2019-03-10,51.37
2019-03-11,51.49
2019-03-12,51.54
2019-03-13,51.1
2019-03-14,51.03
2019-03-15,50.33
2019-03-16,50.19
2019-03-17,50.23
2019-03-18,50.25
2019-03-19,50.34
2019-03-20,50.33
2019-03-21,50.23
2019-03-22,50.52
2019-03-23,49.97
2019-03-24,49.96
2019-03-25,50.03
2019-03-26,50.14
2019-03-27,49.59
2019-03-28,49.7
2019-03-29,49.65
2019-03-30,49.63
2019-03-31,49.71
2019-04-01,49.5
2019-04-02,51.15
2019-04-03,50.09
2019-04-04,50.68
2019-04-05,49.89
2019-04-06,49.91
2019-04-07,49.89
2019-04-08,49.85
2019-04-09,50.5
2019-04-10,50.79
2019-04-11,51.72
2019-04-12,51.5
2019-04-13,51.58
2019-04-14,51.62
2019-04-15,51.68
2019-04-16,51.55
2019-04-17,51.9
2019-04-18,51.34
2019-04-19,51.65
2019-04-20,51.67
2019-04-21,51.63
2019-04-22,52.47
2019-04-23,52.56
2019-04-24,54.49
2019-04-25,54.18
2019-04-26,54.69
2019-04-27,54.44
2019-04-28,54.35
2019-04-29,54.69
2019-04-30,54.59
2019-05-01,54.41
2019-05-02,54.52
2019-05-03,55.23
2019-05-04,55.66
2019-05-05,55.84
2019-05-06,55.43
2019-05-07,55.99
2019-05-08,56.41
2019-05-09,57.65
2019-05-10,58.12
2019-05-11,58.68
2019-05-12,58.96
2019-05-13,58.71
2019-05-14,60.09
2019-05-15,57.0
2019-05-16,56.09
2019-05-17,56.55
2019-05-18,56.21
2019-05-19,57.02
2019-05-20,57.2
2019-05-21,56.6
2019-05-22,56.64
2019-05-23,56.82
2019-05-24,56.5
2019-05-25,56.58
2019-05-26,57.06
2019-05-27,56.95
2019-05-28,56.66
2019-05-29,56.08
2019-05-30,55.69
2019-05-31,56.02
2019-06-01,55.5
2019-06-02,55.82
2019-06-03,55.58
2019-06-04,55.54
2019-06-05,55.44
2019-06-06,55.45
2019-06-07,55.14
2019-06-08,55.21
2019-06-09,55.75
2019-06-10,55.62
2019-06-11,55.38
2019-06-12,55.06
2019-06-13,54.95
2019-06-14,56.36
2019-06-15,56.17
2019-06-16,57.17
2019-06-17,56.89
2019-06-18,56.9
2019-06-19,56.9
2019-06-20,56.8
2019-06-21,57.72
2019-06-22,58.46
2019-06-23,58.84
2019-06-24,58.75
2019-06-25,59.25
2019-06-26,61.04
2019-06-27,62.82
2019-06-28,62.49
2019-06-29,62.43
2019-06-30,61.7
2019-07-01,61.58
2019-07-02,60.41
2019-07-03,62.17
2019-07-04,62.88
2019-07-05,62.35
2019-07-06,61.92
2019-07-07,62.17
2019-07-08,61.9
2019-07-09,63.87
2019-07-10,64.1
2019-07-11,65.29
2019-07-12,65.2
2019-07-13,64.92
2019-07-14,65.13
2019-07-15,66.17
2019-07-16,66.46
2019-07-17,65.63
2019-07-18,65.13
2019-07-19,65.75
2019-07-20,65.16
2019-07-21,65.16
2019-07-22,65.25
2019-07-23,65.22
2019-07-24,64.92
2019-07-25,64.53
2019-07-26,64.3
2019-07-27,64.26
2019-07-28,64.18
2019-07-29,64.15
2019-07-30,64.18
2019-07-31,64.3
2019-08-01,64.74
2019-08-02,65.51
2019-08-03,66.14
2019-08-04,66.33
2019-08-05,66.74
2019-08-06,67.61
2019-08-07,67.88
2019-08-08,68.58
2019-08-09,68.86
2019-08-10,68.9
2019-08-11,68.42
2019-08-12,68.4
2019-08-13,68.52
2019-08-14,67.71
2019-08-15,68.1
2019-08-16,68.09
2019-08-17,68.53
2019-08-18,68.36
2019-08-19,67.78
2019-08-20,68.49
2019-08-21,68.32
2019-08-22,67.84
2019-08-23,67.92
2019-08-24,68.07
2019-08-25,67.89
2019-08-26,68.35
2019-08-27,68.74
2019-08-28,68.18
2019-08-29,69.01
2019-08-30,69.79
2019-08-31,68.94
2019-09-01,68.9
2019-09-02,69.24
2019-09-03,69.58
2019-09-04,70.12
2019-09-05,70.58
2019-09-06,70.81
2019-09-07,70.69
2019-09-08,69.89
2019-09-09,69.6
2019-09-10,69.43
2019-09-11,69.31
2019-09-12,69.71
2019-09-13,69.94
2019-09-14,69.99
2019-09-15,69.49
2019-09-16,69.17
2019-09-17,68.84
2019-09-18,67.3
2019-09-19,67.11
2019-09-20,67.17
2019-09-21,67.29
2019-09-22,67.67
2019-09-23,67.9
2019-09-24,68.18
2019-09-25,68.53
2019-09-26,68.31
2019-09-27,67.91
2019-09-28,67.66
2019-09-29,67.62
2019-09-30,68.03
2019-10-01,67.49
2019-10-02,67.55
2019-10-03,67.44
2019-10-04,67.19
2019-10-05,67.07
2019-10-06,67.01
2019-10-07,66.72
2019-10-08,66.35
2019-10-09,66.13
2019-10-10,66.6
2019-10-11,66.89
2019-10-12,66.74
2019-10-13,66.81
2019-10-14,66.32
2019-10-15,66.13
2019-10-16,66.14
2019-10-17,66.09
2019-10-18,65.88
2019-10-19,65.87
2019-10-20,65.89
2019-10-21,66.38
2019-10-22,66.09
2019-10-23,66.27
2019-10-24,65.65
2019-10-25,65.35
2019-10-26,68.0
2019-10-27,67.64
2019-10-28,67.31
2019-10-29,67.32
2019-10-30,67.14
2019-10-31,67.09
2019-11-01,67.15
2019-11-02,67.13
2019-11-03,67.21
2019-11-04,67.16
2019-11-05,66.96
2019-11-06,66.41
2019-11-07,66.32
2019-11-08,66.71
2019-11-09,66.3
2019-11-10,65.79
2019-11-11,65.99
2019-11-12,65.77
2019-11-13,65.84
2019-11-14,65.74
2019-11-15,65.7
2019-11-16,65.7
2019-11-17,65.69
2019-11-18,65.53
2019-11-19,66.09
2019-11-20,65.83
2019-11-21,66.04
2019-11-22,66.63
2019-11-23,66.13
2019-11-24,65.9
2019-11-25,66.31
2019-11-26,67.0
2019-11-27,66.31
2019-11-28,66.46
2019-11-29,66.64
2019-11-30,66.83
2019-12-01,66.67
2019-12-02,66.36
2019-12-03,66.42
2019-12-04,66.67
2019-12-05,66.89
2019-12-06,66.65
2019-12-07,66.67
2019-12-08,66.77
2019-12-09,66.71
2019-12-10,66.96
2019-12-11,66.69
2019-12-12,66.8
2019-12-13,66.71
2019-12-14,66.57
2019-12-15,66.56
2019-12-16,66.6
2019-12-17,67.05
2019-12-18,67.71
2019-12-19,68.61
2019-12-20,68.41
2019-12-21,68.24
2019-12-22,68.39
2019-12-23,68.74
2019-12-24,68.87
2019-12-25,68.62
2019-12-26,68.87
2019-12-27,68.66
2019-12-28,68.58
2019-12-29,68.31
2019-12-30,68.27
2019-12-31,68.2
2020-01-01,68.33
2020-01-02,68.16
2020-01-03,68.14
2020-01-04,68.17
2020-01-05,68.13
2020-01-06,67.45
2020-01-07,68.41
2020-01-08,69.1
2020-01-09,68.96
2020-01-10,68.49
2020-01-11,68.26
2020-01-12,68.1
2020-01-13,68.2
2020-01-14,67.93
2020-01-15,66.6
2020-01-16,67.01
2020-01-17,66.38
2020-01-18,66.01
2020-01-19,66.71
2020-01-20,66.48
2020-01-21,66.01
2020-01-22,65.94
2020-01-23,65.91
2020-01-24,66.16
2020-01-25,66.44
2020-01-26,66.46
2020-01-27,65.83
2020-01-28,66.21
2020-01-29,66.53
2020-01-30,66.77
2020-01-31,66.06
2020-02-01,66.34
2020-02-02,66.03
2020-02-03,65.59
2020-02-04,65.24
2020-02-05,64.48
2020-02-06,64.35
2020-02-07,64.37
2020-02-08,64.02
2020-02-09,63.8
2020-02-10,64.27
2020-02-11,63.43
2020-02-12,62.82
2020-02-13,61.99
2020-02-14,61.84
2020-02-15,61.13
2020-02-16,61.75
2020-02-17,62.69
2020-02-18,62.04
2020-02-19,62.47
2020-02-20,63.0
2020-02-21,62.88
2020-02-22,62.71
2020-02-23,62.85
2020-02-24,62.78
2020-02-25,63.25
2020-02-26,63.64
2020-02-27,64.49
2020-02-28,63.57
2020-02-29,63.71
2020-03-01,63.74
2020-03-02,63.89
2020-03-03,63.64
2020-03-04,63.78
2020-03-05,63.52
2020-03-06,63.87
2020-03-07,63.34
2020-03-08,63.54
2020-03-09,64.26
2020-03-10,64.08
2020-03-11,64.39
2020-03-12,64.69
2020-03-13,70.49
2020-03-14,64.19
2020-03-15,64.11
2020-03-16,65.7
2020-03-17,64.27
2020-03-18,64.93
2020-03-19,64.48
2020-03-20,64.49
2020-03-21,65.26
2020-03-22,64.88
2020-03-23,65.73
2020-03-24,65.97
2020-03-25,66.41
2020-03-26,66.48
2020-03-27,65.96
2020-03-28,65.8
2020-03-29,64.53
2020-03-30,65.25
2020-03-31,65.69
2020-04-01,65.47
2020-04-02,64.93
2020-04-03,65.27
2020-04-04,64.93
2020-04-05,64.95
2020-04-06,65.18
2020-04-07,64.33
2020-04-08,64.53
2020-04-09,63.72
2020-04-10,64.4
2020-04-11,64.12
2020-04-12,63.98
2020-04-13,63.73
2020-04-14,63.96
2020-04-15,63.92
2020-04-16,63.78
2020-04-17,63.71
2020-04-18,63.52
2020-04-19,63.2
2020-04-20,63.49
2020-04-21,63.58
2020-04-22,63.39
2020-04-23,62.93
2020-04-24,63.25
2020-04-25,63.0
2020-04-26,63.17
2020-04-27,63.21
2020-04-30,64.45
2020-05-01,64.56
2020-05-02,65.03
2020-05-03,64.84
2020-05-04,65.34
2020-05-05,65.0
2020-05-06,65.32
2020-05-07,66.11
2020-05-08,66.94
2020-05-09,66.43
2020-05-10,66.29
2020-05-11,66.5
2020-05-12,66.34
2020-05-13,66.24
2020-05-14,66.98
2020-05-15,67.48
2020-05-16,67.15
2020-05-17,66.78
2020-05-18,66.97
2020-05-19,67.0
2020-05-20,66.72
2020-05-21,66.36
2020-05-22,66.49
2020-05-23,65.78
2020-05-24,65.6
2020-05-25,65.64
2020-05-26,65.12
2020-05-27,65.35
2020-05-28,65.69
2020-05-29,65.54
2020-05-30,64.89
2020-05-31,64.95
2020-06-01,64.73
2020-06-02,65.14
2020-06-03,64.6
2020-06-04,64.32
2020-06-05,64.75
2020-06-06,64.43
2020-06-07,64.47
2020-06-08,64.58
2020-06-09,64.34
2020-06-10,64.57
2020-06-11,64.44
2020-06-12,64.49
2020-06-13,64.42
2020-06-14,64.32
2020-06-15,64.55
2020-06-16,64.81
2020-06-17,64.67
2020-06-18,64.39
2020-06-19,64.65
2020-06-20,64.19
2020-06-21,64.21
2020-06-22,64.18
2020-06-23,64.15
2020-06-24,63.87
2020-06-25,63.72
2020-06-26,63.85
2020-06-27,63.92
2020-06-28,64.08
2020-06-29,64.1
2020-06-30,64.08
2020-07-01,64.02
2020-07-02,63.81
2020-07-03,63.64
2020-07-04,63.56
2020-07-05,63.36
2020-07-06,63.19
2020-07-07,62.64
2020-07-08,62.05
2020-07-09,61.65
2020-07-10,61.89
2020-07-11,61.79
2020-07-12,61.46
2020-07-13,61.2
2020-07-14,61.52
2020-07-15,61.23
2020-07-16,61.03
2020-07-17,61.31
2020-07-18,61.13
2020-07-19,61.04
2020-07-20,60.92
2020-07-21,61.2
2020-07-22,61.14
2020-07-23,60.57
2020-07-24,60.47
2020-07-25,60.36
2020-07-26,59.53
2020-07-27,60.6
2020-07-28,62.0
2020-07-29,61.5
2020-07-30,61.59
2020-07-31,61.29
2020-08-01,60.66
2020-08-02,60.0
2020-08-03,59.22
2020-08-04,59.47
2020-08-05,59.16
2020-08-06,59.85
2020-08-07,59.71
2020-08-08,59.77
2020-08-09,59.17
2020-08-10,59.55
2020-08-11,58.84
2020-08-12,59.04
2020-08-13,58.32
2020-08-14,57.57
2020-08-15,57.44
2020-08-16,57.27
2020-08-17,56.95
2020-08-18,57.75
2020-08-19,57.69
2020-08-20,57.55
2020-08-21,57.36
2020-08-22,58.27
2020-08-23,57.28
2020-08-24,56.83
2020-08-25,56.75
2020-08-26,56.93
2020-08-27,56.54
2020-08-28,57.03
2020-08-29,56.6
2020-08-30,55.96
2020-08-31,55.49
2020-09-01,54.61
2020-09-02,54.7
2020-09-03,54.75
2020-09-04,55.39
2020-09-05,55.5
2020-09-06,57.83
2020-09-07,56.68
2020-09-08,56.6
2020-09-09,56.5
2020-09-10,55.76
2020-09-11,55.81
2020-09-12,55.44
2020-09-13,55.01
2020-09-14,55.61
2020-09-15,56.03
2020-09-16,57.0
2020-09-17,56.68
2020-09-18,56.61
2020-09-19,56.73
2020-09-20,56.78
2020-09-21,57.19
2020-09-22,57.65
2020-09-23,57.82
2020-09-24,58.29
2020-09-25,57.79
2020-09-26,57.18
2020-09-27,57.06
2020-09-28,57.11
2020-09-29,57.06
2020-09-30,57.02
2020-10-01,56.81
2020-10-02,57.36
2020-10-03,57.3
2020-10-04,57.34
2020-10-05,57.18
2020-10-06,57.35
2020-10-07,57.82
2020-10-08,57.89
2020-10-09,57.47
2020-10-10,57.65
2020-10-11,57.73
2020-10-12,57.64
2020-10-13,57.43
2020-10-14,57.51
2020-10-15,57.65
2020-10-16,57.98
2020-10-17,58.32
2020-10-18,58.21
2020-10-19,58.33
2020-10-20,58.74
2020-10-21,59.65
2020-10-22,60.19
2020-10-23,60.04
2020-10-24,59.98
2020-10-25,60.05
2020-10-26,60.13
2020-10-27,60.6
2020-10-28,61.54
2020-10-29,61.34
2020-10-30,62.14
2020-10-31,62.5
2020-11-01,62.82
2020-11-02,62.28
2020-11-03,62.99
2020-11-04,63.22
2020-11-05,63.51
2020-11-06,65.07
2020-11-07,63.51
2020-11-08,67.08
2020-11-09,64.32
2020-11-10,64.22
2020-11-11,62.45
2020-11-12,63.32
2020-11-13,61.91
2020-11-14,64.37
2020-11-15,64.87
2020-11-16,63.9
2020-11-17,64.07
2020-11-18,60.18
2020-11-19,62.2
2020-11-20,63.76
2020-11-21,61.29
2020-11-22,64.1
2020-11-23,62.55
2020-11-24,58.28
2020-11-25,61.36
2020-11-26,61.49
2020-11-27,59.76
2020-11-28,61.09
2020-11-29,61.07
2020-11-30,61.44
2020-12-01,61.61
2020-12-02,62.19
2020-12-03,61.43
2020-12-04,61.47
2020-12-05,62.06
2020-12-06,61.66
2020-12-07,61.99
2020-12-08,62.04
2020-12-09,62.0
2020-12-10,61.77
2020-12-11,61.71
2020-12-12,62.18
2020-12-13,62.57
2020-12-14,62.07
2020-12-15,62.01
2020-12-16,62.72
2020-12-17,63.91
2020-12-18,64.29
2020-12-19,63.78
2020-12-20,64.09
2020-12-21,65.15
2020-12-22,65.55
2020-12-23,67.51
2020-12-24,68.91
2020-12-25,66.62
2020-12-26,67.97
2020-12-27,62.03
2020-12-28,68.0
2020-12-29,68.32
2020-12-30,69.19
2020-12-31,69.44
2021-01-01,68.1
2021-01-02,69.4
2021-01-03,70.28
2021-01-04,71.26
2021-01-05,67.6
2021-01-06,68.8
2021-01-07,67.8
2021-01-08,68.43
2021-01-09,69.05
2021-01-10,67.85
2021-01-11,69.24
2021-01-12,67.43
2021-01-13,67.28
2021-01-14,67.5
2021-01-15,66.16
2021-01-16,64.66
2021-01-17,67.96
2021-01-18,66.34
2021-01-19,64.68
2021-01-20,64.97
2021-01-21,62.65
2021-01-22,65.61
2021-01-23,64.31
2021-01-24,62.45
2021-01-25,60.55
2021-01-26,63.88
2021-01-27,61.47
2021-01-28,62.39
2021-01-29,59.79
2021-01-30,62.72
2021-01-31,61.61
2021-02-01,61.41
2021-02-02,58.7
2021-02-03,59.97
2021-02-04,60.66
2021-02-05,59.51
2021-02-06,58.39
2021-02-07,63.18
2021-02-08,60.86
2021-02-09,62.3
2021-02-10,60.62
2021-02-11,59.23
2021-02-12,61.34
2021-02-13,58.75
2021-02-14,58.26
2021-02-15,60.33
2021-02-16,58.44
2021-02-17,61.1
2021-02-18,60.12
2021-02-19,59.27
2021-02-20,59.5
2021-02-21,60.17
2021-02-22,60.95
2021-02-23,59.72
2021-02-24,59.88
2021-02-25,60.46
2021-02-26,58.92
2021-02-27,59.96
2021-02-28,62.06
2021-03-01,59.6
2021-03-02,60.51
2021-03-03,58.0
2021-03-04,60.27
2021-03-05,58.71
2021-03-06,58.84
2021-03-07,58.77
2021-03-08,58.75
2021-03-09,59.01
2021-03-10,58.63
2021-03-11,59.69
2021-03-12,60.12
2021-03-13,59.89
2021-03-14,60.74
2021-03-15,62.97
2021-03-16,59.42
2021-03-17,59.2
2021-03-18,59.33
2021-03-19,59.33
2021-03-20,58.71
2021-03-21,59.82
2021-03-22,58.75
2021-03-23,58.43
2021-03-24,56.01
2021-03-25,58.52
2021-03-26,57.22
2021-03-27,58.03
2021-03-28,58.29
2021-03-29,58.17
2021-03-30,58.15
2021-03-31,57.94
2021-04-01,57.1
2021-04-02,56.69
2021-04-03,55.48
2021-04-04,54.87
2021-04-05,54.78
2021-04-06,54.22
2021-04-07,53.65
2021-04-08,54.03
2021-04-09,53.69
2021-04-10,53.53
2021-04-11,53.58
2021-04-12,52.76
2021-04-13,53.01
2021-04-14,52.03
2021-04-15,50.83
2021-04-16,50.63
2021-04-17,49.66
2021-04-18,50.58
2021-04-19,49.46
2021-04-20,50.08
2021-04-21,49.06
2021-04-22,48.61
2021-04-23,49.15
2021-04-24,48.36
2021-04-25,48.81
2021-04-26,48.65
2021-04-27,48.01
2021-04-28,47.85
2021-04-29,46.72
2021-04-30,46.31
2021-05-01,47.23
2021-05-02,46.36
2021-05-03,46.02
2021-05-04,44.57
2021-05-05,43.47
